{
  "backpropType" : "Standard",
  "cacheMode" : "NONE",
  "dataType" : "FLOAT",
  "defaultConfiguration" : {
    "cacheMode" : "NONE",
    "dataType" : "FLOAT",
    "epochCount" : 0,
    "iterationCount" : 0,
    "layer" : null,
    "maxNumLineSearchIterations" : 5,
    "miniBatch" : true,
    "minimize" : true,
    "optimizationAlgo" : "STOCHASTIC_GRADIENT_DESCENT",
    "seed" : 123,
    "stepFunction" : null,
    "variables" : [ "dense1_W", "dense1_b", "dense2_W", "dense2_b", "dense3_W", "dense3_b", "dense4_W", "dense4_b", "out_W", "out_b" ]
  },
  "epochCount" : 800,
  "inferenceWorkspaceMode" : "ENABLED",
  "iterationCount" : 2325600,
  "networkInputs" : [ "input" ],
  "networkOutputs" : [ "out" ],
  "tbpttBackLength" : 20,
  "tbpttFwdLength" : 20,
  "topologicalOrder" : [ 0, 1, 2, 3, 4, 5 ],
  "topologicalOrderStr" : [ "input", "dense1", "dense2", "dense3", "dense4", "out" ],
  "trainingWorkspaceMode" : "ENABLED",
  "validateOutputLayerConfig" : true,
  "vertexInputs" : {
    "dense1" : [ "input" ],
    "dense2" : [ "dense1" ],
    "dense3" : [ "dense2" ],
    "dense4" : [ "dense3" ],
    "out" : [ "dense4" ]
  },
  "vertices" : {
    "dense1" : {
      "@class" : "org.deeplearning4j.nn.conf.graph.LayerVertex",
      "layerConf" : {
        "cacheMode" : "NONE",
        "dataType" : "FLOAT",
        "epochCount" : 0,
        "iterationCount" : 0,
        "layer" : {
          "@class" : "org.deeplearning4j.nn.conf.layers.DenseLayer",
          "activationFn" : {
            "@class" : "org.nd4j.linalg.activations.impl.ActivationReLU",
            "max" : null,
            "negativeSlope" : null,
            "threshold" : null
          },
          "biasInit" : 0.0,
          "biasUpdater" : null,
          "constraints" : null,
          "gainInit" : 1.0,
          "gradientNormalization" : "None",
          "gradientNormalizationThreshold" : 1.0,
          "hasBias" : true,
          "hasLayerNorm" : false,
          "idropout" : null,
          "iupdater" : {
            "@class" : "org.nd4j.linalg.learning.config.Nesterovs",
            "learningRate" : 0.001,
            "momentum" : 0.9
          },
          "layerName" : "dense1",
          "nin" : 95,
          "nout" : 200,
          "regularization" : [ {
            "@class" : "org.nd4j.linalg.learning.regularization.L2Regularization",
            "l2" : {
              "@class" : "org.nd4j.linalg.schedule.FixedSchedule",
              "value" : 1.0E-6
            }
          } ],
          "regularizationBias" : [ ],
          "timeDistributedFormat" : null,
          "weightInitFn" : {
            "@class" : "org.deeplearning4j.nn.weights.WeightInitRelu"
          },
          "weightNoise" : null
        },
        "maxNumLineSearchIterations" : 5,
        "miniBatch" : true,
        "minimize" : true,
        "optimizationAlgo" : "STOCHASTIC_GRADIENT_DESCENT",
        "seed" : 123,
        "stepFunction" : null,
        "variables" : [ "W", "b" ]
      },
      "outputVertex" : false,
      "preProcessor" : null
    },
    "dense2" : {
      "@class" : "org.deeplearning4j.nn.conf.graph.LayerVertex",
      "layerConf" : {
        "cacheMode" : "NONE",
        "dataType" : "FLOAT",
        "epochCount" : 0,
        "iterationCount" : 0,
        "layer" : {
          "@class" : "org.deeplearning4j.nn.conf.layers.DenseLayer",
          "activationFn" : {
            "@class" : "org.nd4j.linalg.activations.impl.ActivationReLU",
            "max" : null,
            "negativeSlope" : null,
            "threshold" : null
          },
          "biasInit" : 0.0,
          "biasUpdater" : null,
          "constraints" : null,
          "gainInit" : 1.0,
          "gradientNormalization" : "None",
          "gradientNormalizationThreshold" : 1.0,
          "hasBias" : true,
          "hasLayerNorm" : false,
          "idropout" : {
            "@class" : "org.deeplearning4j.nn.conf.dropout.Dropout",
            "p" : 0.7,
            "helperAllowFallback" : true,
            "initializedHelper" : true,
            "pschedule" : null
          },
          "iupdater" : {
            "@class" : "org.nd4j.linalg.learning.config.Nesterovs",
            "learningRate" : 0.001,
            "momentum" : 0.9
          },
          "layerName" : "dense2",
          "nin" : 200,
          "nout" : 120,
          "regularization" : [ {
            "@class" : "org.nd4j.linalg.learning.regularization.L2Regularization",
            "l2" : {
              "@class" : "org.nd4j.linalg.schedule.FixedSchedule",
              "value" : 1.0E-6
            }
          } ],
          "regularizationBias" : [ ],
          "timeDistributedFormat" : null,
          "weightInitFn" : {
            "@class" : "org.deeplearning4j.nn.weights.WeightInitRelu"
          },
          "weightNoise" : null
        },
        "maxNumLineSearchIterations" : 5,
        "miniBatch" : true,
        "minimize" : true,
        "optimizationAlgo" : "STOCHASTIC_GRADIENT_DESCENT",
        "seed" : 123,
        "stepFunction" : null,
        "variables" : [ "W", "b" ]
      },
      "outputVertex" : false,
      "preProcessor" : null
    },
    "dense3" : {
      "@class" : "org.deeplearning4j.nn.conf.graph.LayerVertex",
      "layerConf" : {
        "cacheMode" : "NONE",
        "dataType" : "FLOAT",
        "epochCount" : 0,
        "iterationCount" : 0,
        "layer" : {
          "@class" : "org.deeplearning4j.nn.conf.layers.DenseLayer",
          "activationFn" : {
            "@class" : "org.nd4j.linalg.activations.impl.ActivationReLU",
            "max" : null,
            "negativeSlope" : null,
            "threshold" : null
          },
          "biasInit" : 0.0,
          "biasUpdater" : null,
          "constraints" : null,
          "gainInit" : 1.0,
          "gradientNormalization" : "None",
          "gradientNormalizationThreshold" : 1.0,
          "hasBias" : true,
          "hasLayerNorm" : false,
          "idropout" : {
            "@class" : "org.deeplearning4j.nn.conf.dropout.Dropout",
            "p" : 0.7,
            "helperAllowFallback" : true,
            "initializedHelper" : true,
            "pschedule" : null
          },
          "iupdater" : {
            "@class" : "org.nd4j.linalg.learning.config.Nesterovs",
            "learningRate" : 0.001,
            "momentum" : 0.9
          },
          "layerName" : "dense3",
          "nin" : 120,
          "nout" : 80,
          "regularization" : [ {
            "@class" : "org.nd4j.linalg.learning.regularization.L2Regularization",
            "l2" : {
              "@class" : "org.nd4j.linalg.schedule.FixedSchedule",
              "value" : 1.0E-6
            }
          } ],
          "regularizationBias" : [ ],
          "timeDistributedFormat" : null,
          "weightInitFn" : {
            "@class" : "org.deeplearning4j.nn.weights.WeightInitRelu"
          },
          "weightNoise" : null
        },
        "maxNumLineSearchIterations" : 5,
        "miniBatch" : true,
        "minimize" : true,
        "optimizationAlgo" : "STOCHASTIC_GRADIENT_DESCENT",
        "seed" : 123,
        "stepFunction" : null,
        "variables" : [ "W", "b" ]
      },
      "outputVertex" : false,
      "preProcessor" : null
    },
    "dense4" : {
      "@class" : "org.deeplearning4j.nn.conf.graph.LayerVertex",
      "layerConf" : {
        "cacheMode" : "NONE",
        "dataType" : "FLOAT",
        "epochCount" : 0,
        "iterationCount" : 0,
        "layer" : {
          "@class" : "org.deeplearning4j.nn.conf.layers.DenseLayer",
          "activationFn" : {
            "@class" : "org.nd4j.linalg.activations.impl.ActivationReLU",
            "max" : null,
            "negativeSlope" : null,
            "threshold" : null
          },
          "biasInit" : 0.0,
          "biasUpdater" : null,
          "constraints" : null,
          "gainInit" : 1.0,
          "gradientNormalization" : "None",
          "gradientNormalizationThreshold" : 1.0,
          "hasBias" : true,
          "hasLayerNorm" : false,
          "idropout" : {
            "@class" : "org.deeplearning4j.nn.conf.dropout.Dropout",
            "p" : 0.7,
            "helperAllowFallback" : true,
            "initializedHelper" : true,
            "pschedule" : null
          },
          "iupdater" : {
            "@class" : "org.nd4j.linalg.learning.config.Nesterovs",
            "learningRate" : 0.001,
            "momentum" : 0.9
          },
          "layerName" : "dense4",
          "nin" : 80,
          "nout" : 50,
          "regularization" : [ {
            "@class" : "org.nd4j.linalg.learning.regularization.L2Regularization",
            "l2" : {
              "@class" : "org.nd4j.linalg.schedule.FixedSchedule",
              "value" : 1.0E-6
            }
          } ],
          "regularizationBias" : [ ],
          "timeDistributedFormat" : null,
          "weightInitFn" : {
            "@class" : "org.deeplearning4j.nn.weights.WeightInitRelu"
          },
          "weightNoise" : null
        },
        "maxNumLineSearchIterations" : 5,
        "miniBatch" : true,
        "minimize" : true,
        "optimizationAlgo" : "STOCHASTIC_GRADIENT_DESCENT",
        "seed" : 123,
        "stepFunction" : null,
        "variables" : [ "W", "b" ]
      },
      "outputVertex" : false,
      "preProcessor" : null
    },
    "out" : {
      "@class" : "org.deeplearning4j.nn.conf.graph.LayerVertex",
      "layerConf" : {
        "cacheMode" : "NONE",
        "dataType" : "FLOAT",
        "epochCount" : 0,
        "iterationCount" : 0,
        "layer" : {
          "@class" : "org.deeplearning4j.nn.conf.layers.OutputLayer",
          "activationFn" : {
            "@class" : "org.nd4j.linalg.activations.impl.ActivationSoftmax"
          },
          "biasInit" : 0.0,
          "biasUpdater" : null,
          "constraints" : null,
          "gainInit" : 1.0,
          "gradientNormalization" : "None",
          "gradientNormalizationThreshold" : 1.0,
          "hasBias" : true,
          "idropout" : null,
          "iupdater" : {
            "@class" : "org.nd4j.linalg.learning.config.Nesterovs",
            "learningRate" : 0.001,
            "momentum" : 0.9
          },
          "layerName" : "out",
          "lossFn" : {
            "@class" : "org.nd4j.linalg.lossfunctions.impl.LossNegativeLogLikelihood",
            "softmaxClipEps" : 1.0E-10
          },
          "nin" : 50,
          "nout" : 8,
          "regularization" : [ {
            "@class" : "org.nd4j.linalg.learning.regularization.L2Regularization",
            "l2" : {
              "@class" : "org.nd4j.linalg.schedule.FixedSchedule",
              "value" : 1.0E-6
            }
          } ],
          "regularizationBias" : [ ],
          "timeDistributedFormat" : null,
          "weightInitFn" : {
            "@class" : "org.deeplearning4j.nn.weights.WeightInitRelu"
          },
          "weightNoise" : null
        },
        "maxNumLineSearchIterations" : 5,
        "miniBatch" : true,
        "minimize" : true,
        "optimizationAlgo" : "STOCHASTIC_GRADIENT_DESCENT",
        "seed" : 123,
        "stepFunction" : null,
        "variables" : [ "W", "b" ]
      },
      "outputVertex" : false,
      "preProcessor" : null
    }
  }
}